id,population
S34000001,269
S34000002,1270
S34000003,272
S34000004,206
S34000005,432
S34000006,243
S34000007,625
S34000008,201
S34000009,390
S34000010,2748
S34000011,322
S34000012,2441
S34000013,257
S34000014,1359
S34000015,316
S34000016,3318
S34000017,1013
S34000018,1306
S34000019,3060
S34000020,2295
S34000021,1454
S34000022,630
S34000023,960
S34000024,403
S34000025,296
S34000026,432
S34000027,491
S34000028,2931
S34000029,350
S34000030,227
S34000031,337
S34000032,346
S34000033,406
S34000034,405
S34000035,1263
S34000036,381
S34000037,422
S34000038,338
S34000039,983
S34000040,308
S34000041,226
S34000042,513
S34000043,792
S34000044,1115
S34000045,266
S34000046,314
S34000047,855
S34000048,636
S34000049,299
S34000050,478
S34000051,1543
S34000052,877
S34000053,2725
S34000054,1769
S34000055,322
S34000056,706
S34000057,704
S34000058,567
S34000059,730
S34000060,355
S34000061,286
S34000062,203
S34000063,405
S34000064,291
S34000065,350
S34000066,546
S34000067,226
S34000068,453
S34000069,674
S34000070,780
S34000071,822
S34000072,685
S34000073,359
S34000074,291
S34000075,273
S34000076,796
S34000077,365
S34000078,361
S34000079,2073
S34000080,374
S34000081,817
S34000082,335
S34000083,356
S34000084,250
S34000085,453
S34000086,1084
S34000087,1088
S34000088,655
S34000089,722
S34000090,775
S34000091,376
S34000092,1270
S34000093,276
S34000094,359
S34000095,769
S34000096,693
S34000097,212
S34000098,788
S34000099,1203
S34000100,307
S34000101,676
S34000102,448
S34000103,1116
S34000104,633
S34000105,835
S34000106,673
S34000107,479
S34000108,238
S34000109,313
S34000110,279
S34000111,275
S34000112,207
S34000113,387
S34000114,451
S34000115,264
S34000116,473
S34000117,274
S34000118,437
S34000119,217
S34000120,330
S34000121,420
S34000122,210
S34000123,317
S34000124,305
S34000125,1326
S34000126,695
S34000127,1066
S34000128,284
S34000129,526
S34000130,1400
S34000131,259
S34000132,267
S34000133,500
S34000134,254
S34000135,382
S34000136,784
S34000137,542
S34000138,351
S34000139,783
S34000140,371
S34000141,1344
S34000142,316
S34000143,209
S34000144,297
S34000145,463
S34000146,609
S34000147,759
S34000148,4399
S34000149,469
S34000150,945
S34000151,1093
S34000152,346
S34000153,234
S34000154,402
S34000155,449
S34000156,316
S34000157,230
S34000158,530
S34000159,442
S34000160,674
S34000161,755
S34000162,4318
S34000163,315
S34000164,212
S34000165,256
S34000166,380
S34000167,488
S34000168,1121
S34000169,832
S34000170,486
S34000171,443
S34000172,654
S34000173,856
S34000174,4050
S34000175,4054
S34000176,581
S34000177,5985
S34000178,863
S34000179,1239
S34000180,5317
S34000181,497
S34000182,260
S34000183,373
S34000184,371
S34000185,526
S34000186,388
S34000187,1114
S34000188,2254
S34000189,1471
S34000190,267
S34000191,318
S34000192,220
S34000193,911
S34000194,416
S34000195,482
S34000196,681
S34000197,1024
S34000198,1770
S34000199,396
S34000200,647
S34000201,646
S34000202,302
S34000203,584
S34000204,1123
S34000205,307
S34000206,534
S34000207,667
S34000208,453
S34000209,356
S34000210,305
S34000211,278
S34000212,696
S34000213,914
S34000214,279
S34000215,391
S34000216,246
S34000217,389
S34000218,734
S34000219,887
S34000220,1520
S34000221,1479
S34000222,801
S34000223,660
S34000224,1466
S34000225,1944
S34000226,1265
S34000227,2292
S34000228,211
S34000229,2239
S34000230,285
S34000231,231
S34000232,1226
S34000233,3049
S34000234,3823
S34000235,2514
S34000236,1116
S34000237,712
S34000238,390
S34000239,3978
S34000240,217
S34000241,1538
S34000242,1198
S34000243,2426
S34000244,3541
S34000245,725
S34000246,1924
S34000247,813
S34000248,1015
S34000249,525
S34000250,376
S34000251,1049
S34000252,2128
S34000253,391
S34000254,851
S34000255,546
S34000256,646
S34000257,713
S34000258,629
S34000259,760
S34000260,208
S34000261,519
S34000262,381
S34000263,1271
S34000264,561
S34000265,393
S34000266,362
S34000267,240
S34000268,835
S34000269,300
S34000270,796
S34000271,1926
S34000272,1602
S34000273,632
S34000274,1009
S34000275,1257
S34000276,1281
S34000277,886
S34000278,788
S34000279,1768
S34000280,4292
S34000281,707
S34000282,389
S34000283,283
S34000284,1288
S34000285,1789
S34000286,495
S34000287,416
S34000288,986
S34000289,485
S34000290,469
S34000291,479
S34000292,401
S34000293,1680
S34000294,318
S34000295,2192
S34000296,2068
S34000297,1580
S34000298,741
S34000299,1091
S34000300,310
S34000301,251
S34000302,1387
S34000303,1023
S34000304,1070
S34000305,1290
S34000306,258
S34000307,295
S34000308,440
S34000309,924
S34000310,875
S34000311,2397
S34000312,250
S34000313,758
S34000314,1451
S34000315,324
S34000316,438
S34000317,238
S34000318,519
S34000319,922
S34000320,692
S34000321,410
S34000322,1199
S34000323,213
S34000324,311
S34000325,278
S34000326,362
S34000327,204
S34000328,1109
S34000329,775
S34000330,404
S34000331,273
S34000332,444
S34000333,297
S34000334,948
S34000335,399
S34000336,919
S34000337,653
S34000338,268
S34000339,1476
S34000340,780
S34000341,997
S34000342,231
S34000343,231
S34000344,1657
S34000345,514
S34000346,793
S34000347,305
S34000348,403
S34000349,2886
S34000350,298
S34000351,267
S34000352,345
S34000353,219
S34000354,506
S34000355,602
S34000356,523
S34000357,766
S34000358,2653
S34000359,1698
S34000360,606
S34000361,419
S34000362,226
S34000363,526
S34000364,280
S34000365,524
S34000366,441
S34000367,764
S34000368,857
S34000369,2434
S34000370,1195
S34000371,880
S34000372,532
S34000373,217
S34000374,217
S34000375,305
S34000376,625
S34000377,201
S34000378,533
S34000379,529
S34000380,450
S34000381,419
S34000382,783
S34000383,963
S34000384,271
S34000385,464
S34000386,362
S34000387,2254
S34000388,203
S34000389,716
S34000390,401
S34000391,1689
S34000392,337
S34000393,341
S34000394,741
S34000395,410
S34000396,1637
S34000397,657
S34000398,2346
S34000399,674
S34000400,651
S34000401,480
S34000402,466
S34000403,871
S34000404,325
S34000405,941
S34000406,1218
S34000407,4249
S34000408,1384
S34000409,1839
S34000410,3080
S34000411,948
S34000412,837
S34000413,251
S34000414,1358
S34000415,546
S34000416,841
S34000417,919
S34000418,675
S34000419,362
S34000420,724
S34000421,494
S34000422,500
S34000423,294
S34000424,373
S34000425,342
S34000426,216
S34000427,304
S34000428,756
S34000429,446
S34000430,249
S34000431,802
S34000432,354
S34000433,229
S34000434,713
S34000435,1054
S34000436,236
S34000437,1765
S34000438,1048
S34000439,1135
S34000440,1520
S34000441,240
S34000442,3894
S34000443,351
S34000444,369
S34000445,9974
S34000446,385
S34000447,1042
S34000448,439
S34000449,615
S34000450,221
S34000451,214
S34000452,1023
S34000453,797
S34000454,507
S34000455,489
S34000456,512
S34000457,888
S34000458,256
S34000459,466
S34000460,1104
S34000461,604
S34000462,366
S34000463,244
S34000464,257
S34000465,1502
S34000466,1889
S34000467,1789
S34000468,680
S34000469,506
S34000470,200
S34000471,257
S34000472,211
S34000473,295
S34000474,268
S34000475,215
S34000476,460
S34000477,475
S34000478,242
S34000479,995
S34000480,1677
S34000481,612
S34000482,488
S34000483,271
S34000484,374
S34000485,437
S34000486,250
S34000487,424
S34000488,707
S34000489,576
S34000490,1142
S34000491,265
S34000492,824
S34000493,1653
S34000494,556
S34000495,930
S34000496,200
S34000497,285
S34000498,256
S34000499,285
S34000500,261
S34000501,705
S34000502,634
S34000503,756
S34000504,411
S34000505,529
S34000506,559
S34000507,1050
S34000508,260
S34000509,355
S34000510,330
S34000511,551
S34000512,660
S34000513,797
S34000514,446
S34000515,256
S34000516,676
S34000517,540
S34000518,420
S34000519,749
S34000520,1349
S34000521,633
S34000522,227
S34000523,1247
S34000524,554
S34000525,667
S34000526,1128
S34000527,611
S34000528,2687
S34000529,217
S34000530,770
S34000531,428
S34000532,721
S34000533,449
S34000534,749
S34000535,461
S34000536,250
S34000537,839
S34000538,208
S34000539,609
S34000540,1566
S34000541,820
S34000542,581
S34000543,1225
S34000544,1423
S34000545,211
S34000546,589
S34000547,992
S34000548,641
S34000549,419
S34000550,683
S34000551,1710
S34000552,226
S34000553,1277
S34000554,2291
S34000555,701
S34000556,856
S34000557,1112
S34000558,1183
S34000559,245
S34000560,207
S34000561,461
S34000562,334
S34000563,343
S34000564,697
S34000565,1177
S34000566,679
S34000567,272
S34000568,560
S34000569,3724
S34000570,230
S34000571,377
S34000572,724
S34000573,315
S34000574,758
S34000575,2415
S34000576,336
S34000577,486
S34000578,224
S34000579,676
S34000580,320
S34000581,2220
S34000582,457
S34000583,632
S34000584,514
S34000585,274
S34000586,546
S34000587,1392
S34000588,943
S34000589,852
S34000590,2960
S34000591,806
S34000592,1152
S34000593,1114
S34000594,303
S34000595,1101
S34000596,334
S34000597,235
S34000598,247
S34000599,256
S34000600,268
S34000601,474
S34000602,333
S34000603,402
S34000604,212
S34000605,608
S34000606,985
S34000607,1390
S34000608,668
S34000609,431
S34000610,226
S34000611,569
S34000612,383
S34000613,448
S34000614,879
S34000615,601
S34000616,746
S34000617,301
S34000618,330
S34000619,547
S34000620,601
S34000621,1017
S34000622,699
S34000623,2316
S34000624,337
S34000625,675
S34000626,965
S34000627,774
S34000628,376
S34000629,1096
S34000630,762
S34000631,473
S34000632,435
S34000633,578
S34000634,3728
S34000635,1226
S34000636,250
S34000637,540
S34000638,1173
S34000639,310
S34000640,576
S34000641,1790
S34000642,1732
S34000643,699
S34000644,837
S34000645,684
S34000646,1056
S34000647,974
S34000648,647
S34000649,728
S34000650,677
S34000651,464
S34000652,521
S34000653,815
S34000654,1627
S34000655,662
S34000656,471
S34000657,491
S34000658,1911
S34000659,668
S34000660,691
S34000661,924
S34000662,513
S34000663,224
S34000664,261
S34000665,697
S34000666,458
S34000667,257
S34000668,3079
S34000669,434
S34000670,793
S34000671,455
S34000672,682
S34000673,696
S34000674,252
S34000675,343
S34000676,417
S34000677,824
S34000678,565
S34000679,289
S34000680,617
S34000681,4532
S34000682,231
S34000683,1266
S34000684,1637
S34000685,813
S34000686,1469
S34000687,668
S34000688,216
S34000689,626
S34000690,1201
S34000691,782
S34000692,252
S34000693,523
S34000694,478
S34000695,558
S34000696,552
S34000697,731
S34000698,593
S34000699,1854
S34000700,392
S34000701,1299
S34000702,1830
S34000703,354
S34000704,440
S34000705,599
S34000706,330
S34000707,971
S34000708,200
S34000709,307
S34000710,521
S34000711,437
S34000712,3212
S34000713,582
S34000714,1191
S34000715,2380
S34000716,2613
S34000717,957
S34000718,1076
S34000719,549
S34000720,243
S34000721,264
S34000722,308
S34000723,352
S34000724,405
S34000725,440
S34000726,234
S34000727,442
S34000728,222
S34000729,254
S34000730,203
S34000731,510
S34000732,458
S34000733,296
S34000734,232
S34000735,235
S34000736,736
S34000737,234
S34000738,495
S34000739,207
S34000740,278
S34000741,653
S34000742,231
S34000743,390
S34000744,263
S34000745,476
S34000746,212
S34000747,256
S34000748,259
S34000749,243
S34000750,212
S34000751,211
S34000752,407
S34000753,203
S34000754,219
S34000755,589
S34000756,209
S34000757,297
S34000758,456
S34000759,440
S34000760,306
S34000761,411
S34000762,336
S34000763,557
S34000764,358
S34000765,227
S34000766,325
S34000767,314
S34000768,242
S34000769,605
S34000770,393
S34000771,332
S34000772,292
S34000773,272
S34000774,520
S34000775,245
S34000776,257
S34000777,304
S34000778,615
S34000779,287
S34000780,252
S34000781,521
S34000782,295
S34000783,310
S34000784,357
S34000785,303
S34000786,225
S34000787,721
S34000788,251
S34000789,328
S34000790,404
S34000791,216
S34000792,245
S34000793,357
S34000794,257
S34000795,239
S34000796,395
S34000797,315
S34000798,356
S34000799,279
S34000800,218
S34000801,264
S34000802,214
S34000803,494
S34000804,228
S34000805,203
S34000806,214
S34000807,230
S34000808,795
S34000809,274
S34000810,292
S34000811,354
S34000812,323
S34000813,321
S34000814,357
S34000815,408
S34000816,214
S34000817,235
S34000818,221
S34000819,221
S34000820,444
S34000821,228
S34000822,475
S34000823,269
S34000824,223
S34000825,441
S34000826,635
S34000827,311
S34000828,498
S34000829,487
S34000830,281
S34000831,608
S34000832,518
S34000833,224
S34000834,327
S34000835,516
S34000836,323
S34000837,239
S34000838,509
S34000839,450
S34000840,264
S34000841,212
S34000842,581
S34000843,259
S34000844,386
S34000845,260
S34000846,288
S34000847,226
S34000848,414
S34000849,332
S34000850,243
S34000851,250
S34000852,302
S34000853,236
S34000854,574
S34000855,277
S34000856,268
S34000857,260
S34000858,262
S34000859,359
S34000860,250
S34000861,381
S34000862,212
S34000863,319
S34000864,320
S34000865,229
S34000866,331
S34000867,308
S34000868,237
S34000869,292
S34000870,436
S34000871,391
S34000872,227
S34000873,294
S34000874,337
S34000875,248
S34000876,263
S34000877,245
S34000878,2331
S34000879,266
S34000880,335
S34000881,230
S34000882,229
S34000883,343
S34000884,559
S34000885,490
S34000886,502
S34000887,489
S34000888,434
S34000889,311
S34000890,240
S34000891,242
S34000892,261
S34000893,228
S34000894,525
S34000895,463
S34000896,244
S34000897,342
S34000898,281
S34000899,204
S34000900,670
S34000901,308
S34000902,346
S34000903,489
S34000904,399
S34000905,255
S34000906,470
S34000907,430
S34000908,209
S34000909,384
S34000910,233
S34000911,338
S34000912,201
S34000913,223
S34000914,401
S34000915,237
S34000916,239
S34000917,597
S34000918,352
S34000919,216
S34000920,572
S34000921,846
S34000922,262
S34000923,254
S34000924,259
S34000925,494
S34000926,631
S34000927,273
S34000928,274
S34000929,360
S34000930,459
S34000931,291
S34000932,948
S34000933,426
S34000934,325
S34000935,221
S34000936,377
S34000937,391
S34000938,262
S34000939,216
S34000940,327
S34000941,251
S34000942,348
S34000943,211
S34000944,266
S34000945,413
S34000946,897
S34000947,1056
S34000948,269
S34000949,327
S34000950,314
S34000951,227
S34000952,378
S34000953,232
S34000954,419
S34000955,312
S34000956,311
S34000957,314
S34000958,294
S34000959,574
S34000960,259
S34000961,280
S34000962,462
S34000963,261
S34000964,272
S34000965,244
S34000966,292
S34000967,318
S34000968,599
S34000969,321
S34000970,268
S34000971,467
S34000972,320
S34000973,248
S34000974,570
S34000975,278
S34000976,308
S34000977,239
S34000978,225
S34000979,512
S34000980,297
S34000981,311
S34000982,295
S34000983,380
S34000984,414
S34000985,315
S34000986,350
S34000987,559
S34000988,679
S34000989,443
S34000990,239
S34000991,667
S34000992,435
S34000993,218
S34000994,262
S34000995,284
S34000996,594
S34000997,302
S34000998,293
S34000999,227
S34001000,333
S34001001,249
S34001002,586
S34001003,202
S34001004,254
S34001005,285
S34001006,928
S34001007,384
S34001008,344
S34001009,398
S34001010,585
S34001011,383
S34001012,209
S34001013,266
S34001014,236
S34001015,305
S34001016,219
S34001017,362
S34001018,364
S34001019,616
S34001020,213
S34001021,506
S34001022,412
S34001023,249
S34001024,328
S34001025,2037
S34001026,300
S34001027,658
S34001028,248
S34001029,292
S34001030,272
S34001031,314
S34001032,257
S34001033,384
S34001034,275
S34001035,227
S34001036,262
S34001037,803
S34001038,360
S34001039,310
S34001040,278
S34001041,282
S34001042,222
S34001043,259
S34001044,388
S34001045,281
S34001046,358
S34001047,309
S34001048,203
S34001049,381
S34001050,236
S34001051,410
S34001052,307
S34001053,454
S34001054,589
S34001055,902
S34001056,300
S34001057,517
S34001058,251
S34001059,227
S34001060,206
S34001061,202
S34001062,456
S34001063,221
S34001064,311
S34001065,369
S34001066,390
S34001067,335
S34001068,339
S34001069,255
S34001070,620
S34001071,337
S34001072,229
S34001073,289
S34001074,404
S34001075,291
S34001076,460
S34001077,365
S34001078,214
S34001079,383
S34001080,225
S34001081,269
S34001082,243
S34001083,234
S34001084,224
S34001085,680
S34001086,238
S34001087,265
S34001088,229
S34001089,300
S34001090,294
S34001091,200
S34001092,391
S34001093,272
S34001094,405
S34001095,235
S34001096,208
S34001097,213
S34001098,442
S34001099,239
S34001100,356
S34001101,231
S34001102,460
S34001103,218
S34001104,213
S34001105,301
S34001106,320
S34001107,336
S34001108,363
S34001109,319
S34001110,381
S34001111,342
S34001112,242
S34001113,313
S34001114,360
S34001115,259
S34001116,254
S34001117,291
S34001118,384
S34001119,378
S34001120,442
S34001121,258
S34001122,245
S34001123,289
S34001124,210
S34001125,579
S34001126,268
S34001127,213
S34001128,236
S34001129,217
S34001130,204
S34001131,564
S34001132,622
S34001133,424
S34001134,319
S34001135,206
S34001136,553
S34001137,295
S34001138,436
S34001139,269
S34001140,392
S34001141,336
S34001142,319
S34001143,203
S34001144,213
S34001145,200
S34001146,289
S34001147,206
S34001148,285
S34001149,209
S34001150,254
S34001151,325
S34001152,302
S34001153,219
S34001154,268
S34001155,233
S34001156,203
S34001157,220
S34001158,270
S34001159,205
S34001160,294
S34001161,217
S34001162,358
S34001163,226
S34001164,792
S34001165,206
S34001166,339
S34001167,231
S34001168,235
S34001169,221
S34001170,470
S34001171,327
S34001172,230
S34001173,201
S34001174,397
S34001175,294
S34001176,244
S34001177,245
S34001178,413
S34001179,345
S34001180,759
S34001181,210
S34001182,293
S34001183,943
S34001184,306
S34001185,398
S34001186,332
S34001187,219
S34001188,206
S34001189,246
S34001190,389
S34001191,236
S34001192,243
S34001193,386
S34001194,272
S34001195,320
S34001196,292
S34001197,379
S34001198,276
S34001199,251
S34001200,216
S34001201,292
S34001202,249
S34001203,722
S34001204,227
S34001205,448
S34001206,309
S34001207,663
S34001208,273
S34001209,271
S34001210,277
S34001211,272
S34001212,257
S34001213,277
S34001214,209
S34001215,276
S34001216,577
S34001217,257
S34001218,309
S34001219,616
S34001220,474
S34001221,203
S34001222,211
S34001223,249
S34001224,313
S34001225,538
S34001226,285
S34001227,379
S34001228,231
S34001229,202
S34001230,225
S34001231,454
S34001232,264
S34001233,691
S34001234,265
S34001235,217
S34001236,264
S34001237,519
S34001238,338
S34001239,416
S34001240,319
S34001241,204
S34001242,456
S34001243,420
S34001244,316
S34001245,213
S34001246,335
S34001247,229
S34001248,560
S34001249,233
S34001250,627
S34001251,352
S34001252,243
S34001253,483
S34001254,1632
S34001255,496
S34001256,239
S34001257,330
S34001258,357
S34001259,583
S34001260,234
S34001261,297
S34001262,367
S34001263,666
S34001264,206
S34001265,300
S34001266,1153
S34001267,275
S34001268,245
S34001269,492
S34001270,420
S34001271,219
S34001272,324
S34001273,598
S34001274,289
S34001275,206
S34001276,254
S34001277,235
S34001278,383
S34001279,349
S34001280,258
S34001281,330
S34001282,222
S34001283,380
S34001284,266
S34001285,233
S34001286,217
S34001287,609
S34001288,356
S34001289,204
S34001290,363
S34001291,210
S34001292,293
S34001293,250
S34001294,251
S34001295,335
S34001296,200
S34001297,557
S34001298,257
S34001299,380
S34001300,513
S34001301,317
S34001302,315
S34001303,296
S34001304,519
S34001305,530
S34001306,867
S34001307,387
S34001308,336
S34001309,524
S34001310,202
S34001311,208
S34001312,200
S34001313,230
S34001314,278
S34001315,277
S34001316,203
S34001317,310
S34001318,473
S34001319,997
S34001320,225
S34001321,252
S34001322,493
S34001323,200
S34001324,208
S34001325,202
S34001326,203
S34001327,256
S34001328,276
S34001329,332
S34001330,941
S34001331,331
S34001332,598
S34001333,716
S34001334,237
S34001335,385
S34001336,207
S34001337,261
S34001338,463
S34001339,324
S34001340,214
S34001341,490
S34001342,234
S34001343,200
S34001344,221
S34001345,270
S34001346,456
S34001347,382
S34001348,346
S34001349,291
S34001350,218
S34001351,222
S34001352,652
S34001353,306
S34001354,262
S34001355,297
S34001356,501
S34001357,316
S34001358,267
S34001359,209
S34001360,251
S34001361,548
S34001362,221
S34001363,281
S34001364,408
S34001365,249
S34001366,350
S34001367,200
S34001368,232
S34001369,262
S34001370,282
S34001371,391
S34001372,499
S34001373,470
S34001374,502
S34001375,205
S34001376,337
S34001377,273
S34001378,284
S34001379,209
S34001380,291
S34001381,400
S34001382,405
S34001383,240
S34001384,802
S34001385,292
S34001386,230
S34001387,307
S34001388,397
S34001389,617
S34001390,201
S34001391,306
S34001392,512
S34001393,233
S34001394,208
S34001395,383
S34001396,204
S34001397,233
S34001398,310
S34001399,207
S34001400,283
S34001401,315
S34001402,210
S34001403,330
S34001404,206
S34001405,481
S34001406,252
S34001407,440
S34001408,363
S34001409,379
S34001410,348
S34001411,208
S34001412,272
S34001413,289
S34001414,276
S34001415,448
S34001416,595
S34001417,921
S34001418,322
S34001419,388
S34001420,212
S34001421,479
S34001422,359
S34001423,800
S34001424,288
S34001425,874
S34001426,321
S34001427,253
S34001428,431
S34001429,298
S34001430,471
S34001431,243
S34001432,310
S34001433,534
S34001434,221
S34001435,216
S34001436,347
S34001437,243
S34001438,233
S34001439,390
S34001440,257
S34001441,353
S34001442,272
S34001443,237
S34001444,662
S34001445,452
S34001446,482
S34001447,305
S34001448,436
S34001449,275
S34001450,485
S34001451,288
S34001452,291
S34001453,268
S34001454,479
S34001455,270
S34001456,640
S34001457,265
S34001458,317
S34001459,1790
S34001460,227
S34001461,233
S34001462,257
S34001463,405
S34001464,516
S34001465,470
S34001466,299
S34001467,267
S34001468,282
S34001469,431
S34001470,289
S34001471,212
S34001472,237
S34001473,246
S34001474,337
S34001475,215
S34001476,982
S34001477,308
S34001478,350
S34001479,272
S34001480,482
S34001481,303
S34001482,491
S34001483,203
S34001484,359
S34001485,225
S34001486,336
S34001487,619
S34001488,347
S34001489,234
S34001490,551
S34001491,1460
S34001492,451
S34001493,223
S34001494,234
S34001495,288
S34001496,525
S34001497,208
S34001498,739
S34001499,344
S34001500,236
S34001501,205
S34001502,341
S34001503,306
S34001504,242
S34001505,256
S34001506,240
S34001507,428
S34001508,560
S34001509,366
S34001510,467
S34001511,214
S34001512,203
S34001513,206
S34001514,215
S34001515,339
S34001516,321
S34001517,239
S34001518,282
S34001519,421
S34001520,414
S34001521,616
S34001522,206
S34001523,283
S34001524,530
S34001525,203
S34001526,554
S34001527,297
S34001528,499
S34001529,388
S34001530,215
S34001531,224
S34001532,271
S34001533,632
S34001534,231
S34001535,234
S34001536,203
S34001537,249
S34001538,960
S34001539,886
S34001540,506
S34001541,350
S34001542,378
S34001543,327
S34001544,282
S34001545,227
S34001546,252
S34001547,225
S34001548,279
S34001549,2700
S34001550,424
S34001551,236
S34001552,295
S34001553,235
S34001554,438
S34001555,305
S34001556,1106
S34001557,218
S34001558,401
S34001559,295
S34001560,202
S34001561,396
S34001562,505
S34001563,212
S34001564,1030
S34001565,511
S34001566,480
S34001567,327
S34001568,3265
S34001569,497
S34001570,405
S34001571,572
S34001572,232
S34001573,436
S34001574,502
S34001575,245
S34001576,419
S34001577,246
S34001578,245
S34001579,230
S34001580,252
S34001581,224
S34001582,372
S34001583,255
S34001584,429
S34001585,204
S34001586,619
S34001587,377
S34001588,230
S34001589,234
S34001590,943
S34001591,262
S34001592,381
S34001593,211
S34001594,281
S34001595,215
S34001596,244
S34001597,377
S34001598,248
S34001599,231
S34001600,2007
S34001601,943
S34001602,353
S34001603,204
S34001604,248
S34001605,326
S34001606,301
S34001607,238
S34001608,410
S34001609,244
S34001610,260
S34001611,272
S34001612,207
S34001613,220
S34001614,227
S34001615,344
S34001616,1134
S34001617,275
S34001618,3860
S34001619,310
S34001620,453
S34001621,478
S34001622,205
S34001623,296
S34001624,361
S34001625,239
S34001626,424
S34001627,592
S34001628,241
S34001629,319
S34001630,343
S34001631,708
S34001632,426
S34001633,218
S34001634,329
S34001635,281
S34001636,215
S34001637,259
S34001638,217
S34001639,319
S34001640,430
S34001641,227
S34001642,207
S34001643,225
S34001644,286
S34001645,308
S34001646,240
S34001647,569
S34001648,877
S34001649,250
S34001650,240
S34001651,216
S34001652,1080
S34001653,309
S34001654,226
S34001655,264
S34001656,246
S34001657,479
S34001658,275
S34001659,319
S34001660,259
S34001661,211
S34001662,202
S34001663,313
S34001664,457
S34001665,350
S34001666,415
S34001667,563
S34001668,225
S34001669,534
S34001670,221
S34001671,479
S34001672,258
S34001673,639
S34001674,1313
S34001675,489
S34001676,382
S34001677,255
S34001678,386
S34001679,253
S34001680,518
S34001681,326
S34001682,663
S34001683,220
S34001684,213
S34001685,1090
S34001686,927
S34001687,258
S34001688,432
S34001689,275
S34001690,569
S34001691,243
S34001692,227
S34001693,260
S34001694,344
S34001695,391
S34001696,256
S34001697,393
S34001698,245
S34001699,216
S34001700,530
S34001701,312
S34001702,371
S34001703,212
S34001704,464
S34001705,529
S34001706,352
S34001707,541
S34001708,458
S34001709,339
S34001710,354
S34001711,531
S34001712,774
S34001713,361
S34001714,314
S34001715,265
S34001716,381
S34001717,287
S34001718,273
S34001719,1974
S34001720,218
S34001721,254
S34001722,288
S34001723,270
S34001724,309
S34001725,484
S34001726,237
S34001727,235
S34001728,273
S34001729,211
S34001730,254
S34001731,572
S34001732,215
S34001733,293
S34001734,290
S34001735,402
S34001736,243
S34001737,264
S34001738,209
S34001739,323
S34001740,301
S34001741,204
S34001742,723
S34001743,301
S34001744,275
S34001745,328
S34001746,633
S34001747,370
S34001748,262
S34001749,258
S34001750,314
S34001751,347
S34001752,204
S34001753,760
S34001754,257
S34001755,231
S34001756,282
S34001757,468
S34001758,248
S34001759,348
S34001760,474
S34001761,228
S34001762,690
S34001763,297
S34001764,341
S34001765,404
S34001766,603
S34001767,420
S34001768,281
S34001769,489
S34001770,340
S34001771,298
S34001772,632
S34001773,345
S34001774,326
S34001775,581
S34001776,233
S34001777,351
S34001778,393
S34001779,501
S34001780,256
S34001781,283
S34001782,213
S34001783,237
S34001784,217
S34001785,340
S34001786,208
S34001787,354
S34001788,342
S34001789,252
S34001790,449
S34001791,377
S34001792,362
S34001793,283
S34001794,2103
S34001795,289
S34001796,349
S34001797,287
S34001798,335
S34001799,285
S34001800,440
S34001801,504
S34001802,264
S34001803,330
S34001804,254
S34001805,397
S34001806,201
S34001807,407
S34001808,241
S34001809,701
S34001810,289
S34001811,608
S34001812,297
S34001813,280
S34001814,358
S34001815,325
S34001816,503
S34001817,808
S34001818,312
S34001819,235
S34001820,369
S34001821,927
S34001822,242
S34001823,291
S34001824,370
S34001825,392
S34001826,236
S34001827,648
S34001828,245
S34001829,208
S34001830,362
S34001831,255
S34001832,245
S34001833,443
S34001834,569
S34001835,281
S34001836,248
S34001837,304
S34001838,279
S34001839,250
S34001840,342
S34001841,208
S34001842,1317
S34001843,205
S34001844,291
S34001845,275
S34001846,272
S34001847,780
S34001848,206
S34001849,403
S34001850,208
S34001851,412
S34001852,457
S34001853,364
S34001854,416
S34001855,298
S34001856,214
S34001857,1145
S34001858,420
S34001859,582
S34001860,428
S34001861,773
S34001862,216
S34001863,419
S34001864,872
S34001865,249
S34001866,586
S34001867,387
S34001868,224
S34001869,287
S34001870,342
S34001871,327
S34001872,616
S34001873,568
S34001874,305
S34001875,286
S34001876,671
S34001877,2319
S34001878,296
S34001879,641
S34001880,445
S34001881,578
S34001882,245
S34001883,256
S34001884,262
S34001885,405
S34001886,210
S34001887,231
S34001888,329
S34001889,404
S34001890,203
S34001891,256
S34001892,451
S34001893,440
S34001894,216
S34001895,272
S34001896,331
S34001897,352
S34001898,211
S34001899,286
S34001900,369
S34001901,377
S34001902,1025
S34001903,415
S34001904,310
S34001905,261
S34001906,466
S34001907,239
S34001908,554
S34001909,209
S34001910,471
S34001911,268
S34001912,229
S34001913,212
S34001914,265
S34001915,200
S34001916,740
S34001917,216
S34001918,294
S34001919,319
S34001920,437
S34001921,239
S34001922,283
S34001923,297
S34001924,429
S34001925,238
S34001926,529
S34001927,600
S34001928,365
S34001929,244
S34001930,316
S34001931,428
S34001932,219
S34001933,280
S34001934,229
S34001935,253
S34001936,212
S34001937,378
S34001938,327
S34001939,666
S34001940,556
S34001941,254
S34001942,426
S34001943,346
S34001944,203
S34001945,218
S34001946,224
S34001947,312
S34001948,707
S34001949,423
S34001950,303
S34001951,267
S34001952,568
S34001953,504
S34001954,281
S34001955,399
S34001956,201
S34001957,271
S34001958,226
S34001959,399
S34001960,272
S34001961,485
S34001962,616
S34001963,419
S34001964,392
S34001965,218
S34001966,361
S34001967,659
S34001968,475
S34001969,593
S34001970,275
S34001971,233
S34001972,454
S34001973,234
S34001974,356
S34001975,576
S34001976,342
S34001977,369
S34001978,322
S34001979,300
S34001980,220
S34001981,205
S34001982,309
S34001983,241
S34001984,619
S34001985,242
S34001986,343
S34001987,243
S34001988,241
S34001989,225
S34001990,432
S34001991,263
S34001992,355
S34001993,314
S34001994,213
S34001995,426
S34001996,327
S34001997,395
S34001998,244
S34001999,301
S34002000,413
S34002001,260
S34002002,231
S34002003,263
S34002004,462
S34002005,332
S34002006,430
S34002007,397
S34002008,817
S34002009,404
S34002010,241
S34002011,581
S34002012,690
S34002013,201
S34002014,457
S34002015,403
S34002016,239
S34002017,303
S34002018,761
S34002019,299
S34002020,1612
S34002021,208
S34002022,616
S34002023,290
S34002024,219
S34002025,326
S34002026,625
S34002027,2361
S34002028,274
S34002029,244
S34002030,495
S34002031,257
S34002032,200
S34002033,334
S34002034,326
S34002035,386
S34002036,411
S34002037,698
S34002038,203
S34002039,302
S34002040,606
S34002041,226
S34002042,245
S34002043,388
S34002044,285
S34002045,238
S34002046,391
S34002047,273
S34002048,229
S34002049,452
S34002050,240
S34002051,208
S34002052,495
S34002053,281
S34002054,1359
S34002055,390
S34002056,211
S34002057,437
S34002058,634
S34002059,451
S34002060,315
S34002061,201
S34002062,258
S34002063,210
S34002064,306
S34002065,334
S34002066,581
S34002067,285
S34002068,205
S34002069,238
S34002070,250
S34002071,492
S34002072,300
S34002073,219
S34002074,349
S34002075,374
S34002076,274
S34002077,264
S34002078,202
S34002079,407
S34002080,212
S34002081,201
S34002082,206
S34002083,209
S34002084,533
S34002085,252
S34002086,414
S34002087,248
S34002088,319
S34002089,719
S34002090,282
S34002091,244
S34002092,294
S34002093,497
S34002094,242
S34002095,442
S34002096,488
S34002097,211
S34002098,421
S34002099,447
S34002100,290
S34002101,310
S34002102,612
S34002103,237
S34002104,207
S34002105,649
S34002106,201
S34002107,510
S34002108,1496
S34002109,209
S34002110,262
S34002111,368
S34002112,266
S34002113,336
S34002114,411
S34002115,341
S34002116,332
S34002117,200
S34002118,776
S34002119,355
S34002120,320
S34002121,316
S34002122,303
S34002123,209
S34002124,291
S34002125,532
S34002126,259
S34002127,583
S34002128,345
S34002129,237
S34002130,470
S34002131,390
S34002132,1278
S34002133,279
S34002134,497
S34002135,941
S34002136,202
S34002137,416
S34002138,284
S34002139,276
S34002140,331
S34002141,677
S34002142,1369
S34002143,574
S34002144,201
S34002145,863
S34002146,317
S34002147,265
S34002148,310
S34002149,460
S34002150,210
S34002151,262
S34002152,272
S34002153,205
S34002154,233
S34002155,220
S34002156,230
S34002157,201
S34002158,211
S34002159,276
S34002160,208
S34002161,253
S34002162,274
S34002163,496
S34002164,222
S34002165,220
S34002166,256
S34002167,582
S34002168,261
S34002169,216
S34002170,241
S34002171,319
S34002172,206
S34002173,255
S34002174,296
S34002175,274
S34002176,344
S34002177,212
S34002178,303
S34002179,203
S34002180,235
S34002181,335
S34002182,259
S34002183,228
S34002184,229
S34002185,293
S34002186,281
S34002187,1236
S34002188,410
S34002189,230
S34002190,230
S34002191,439
S34002192,342
S34002193,330
S34002194,441
S34002195,326
S34002196,215
S34002197,562
S34002198,231
S34002199,294
S34002200,515
S34002201,558
S34002202,362
S34002203,237
S34002204,311
S34002205,292
S34002206,230
S34002207,410
S34002208,377
S34002209,253
S34002210,321
S34002211,414
S34002212,322
S34002213,339
S34002214,301
S34002215,220
S34002216,324
S34002217,265
S34002218,202
S34002219,453
S34002220,305
S34002221,229
S34002222,278
S34002223,352
S34002224,312
S34002225,226
S34002226,222
S34002227,206
S34002228,210
S34002229,233
S34002230,480
S34002231,604
S34002232,426
S34002233,436
S34002234,311
S34002235,443
S34002236,253
S34002237,578
S34002238,896
S34002239,304
S34002240,206
S34002241,224
S34002242,313
S34002243,524
S34002244,283
S34002245,266
S34002246,249
S34002247,315
S34002248,224
S34002249,207
S34002250,223
S34002251,249
S34002252,210
S34002253,538
S34002254,251
S34002255,220
S34002256,227
S34002257,253
S34002258,605
S34002259,205
S34002260,217
S34002261,240
S34002262,510
S34002263,533
S34002264,562
S34002265,231
S34002266,255
S34002267,263
S34002268,405
S34002269,418
S34002270,746
S34002271,242
S34002272,224
S34002273,309
S34002274,364
S34002275,372
S34002276,285
S34002277,239
S34002278,243
S34002279,627
S34002280,515
S34002281,464
S34002282,351
S34002283,386
S34002284,388
S34002285,218
S34002286,411
S34002287,599
S34002288,823
S34002289,408
S34002290,279
S34002291,236
S34002292,337
S34002293,824
S34002294,549
S34002295,546
S34002296,242
S34002297,213
S34002298,261
S34002299,482
S34002300,441
S34002301,216
S34002302,333
S34002303,213
S34002304,461
S34002305,394
S34002306,403
S34002307,383
S34002308,220
S34002309,366
S34002310,458
S34002311,352
S34002312,450
S34002313,320
S34002314,242
S34002315,1699
S34002316,343
S34002317,236
S34002318,604
S34002319,319
S34002320,892
S34002321,560
S34002322,315
S34002323,338
S34002324,1346
S34002325,519
S34002326,830
S34002327,641
S34002328,431
S34002329,270
S34002330,350
S34002331,622
S34002332,212
S34002333,309
S34002334,202
S34002335,270
S34002336,220
S34002337,228
S34002338,348
S34002339,391
S34002340,334
S34002341,231
S34002342,254
S34002343,239
S34002344,326
S34002345,260
S34002346,367
S34002347,684
S34002348,282
S34002349,243
S34002350,247
S34002351,1524
S34002352,546
S34002353,450
S34002354,354
S34002355,587
S34002356,673
S34002357,270
S34002358,201
S34002359,278
S34002360,207
S34002361,264
S34002362,559
S34002363,312
S34002364,386
S34002365,210
S34002366,304
S34002367,242
S34002368,544
S34002369,245
S34002370,240
S34002371,482
S34002372,256
S34002373,326
S34002374,212
S34002375,382
S34002376,244
S34002377,515
S34002378,323
S34002379,233
S34002380,237
S34002381,336
S34002382,215
S34002383,304
S34002384,541
S34002385,327
S34002386,223
S34002387,225
S34002388,367
S34002389,283
S34002390,420
S34002391,211
S34002392,248
S34002393,223
S34002394,279
S34002395,418
S34002396,247
S34002397,260
S34002398,651
S34002399,216
S34002400,415
S34002401,253
S34002402,267
S34002403,253
S34002404,458
S34002405,280
S34002406,352
S34002407,399
S34002408,468
S34002409,420
S34002410,352
S34002411,349
S34002412,312
S34002413,280
S34002414,425
S34002415,250
S34002416,232
S34002417,225
S34002418,490
S34002419,309
S34002420,467
S34002421,212
S34002422,233
S34002423,229
S34002424,331
S34002425,260
S34002426,341
S34002427,345
S34002428,208
S34002429,225
S34002430,250
S34002431,341
S34002432,347
S34002433,481
S34002434,317
S34002435,257
S34002436,329
S34002437,256
S34002438,232
S34002439,313
S34002440,478
S34002441,378
S34002442,354
S34002443,607
S34002444,211
S34002445,408
S34002446,379
S34002447,282
S34002448,462
S34002449,544
S34002450,242
S34002451,304
S34002452,326
S34002453,248
S34002454,272
S34002455,352
S34002456,354
S34002457,503
S34002458,291
S34002459,339
S34002460,226
S34002461,677
S34002462,330
S34002463,352
S34002464,243
S34002465,240
S34002466,372
S34002467,454
S34002468,222
S34002469,242
S34002470,252
S34002471,476
S34002472,324
S34002473,529
S34002474,250
S34002475,229
S34002476,263
S34002477,258
S34002478,382
S34002479,359
S34002480,423
S34002481,328
S34002482,278
S34002483,274
S34002484,232
S34002485,204
S34002486,216
S34002487,207
S34002488,208
S34002489,242
S34002490,218
S34002491,242
S34002492,319
S34002493,406
S34002494,234
S34002495,410
S34002496,342
S34002497,493
S34002498,684
S34002499,380
S34002500,276
S34002501,200
S34002502,399
S34002503,234
S34002504,279
S34002505,359
S34002506,416
S34002507,270
S34002508,238
S34002509,215
S34002510,466
S34002511,534
S34002512,356
S34002513,537
S34002514,264
S34002515,527
S34002516,333
S34002517,304
S34002518,371
S34002519,294
S34002520,227
S34002521,230
S34002522,214
S34002523,337
S34002524,303
S34002525,208
S34002526,219
S34002527,2085
S34002528,826
S34002529,215
S34002530,3336
S34002531,200
S34002532,264
S34002533,258
S34002534,592
S34002535,481
S34002536,465
S34002537,260
S34002538,797
S34002539,250
S34002540,345
S34002541,491
S34002542,320
S34002543,458
S34002544,773
S34002545,236
S34002546,568
S34002547,208
S34002548,361
S34002549,325
S34002550,375
S34002551,312
S34002552,354
S34002553,213
S34002554,206
S34002555,1897
S34002556,302
S34002557,299
S34002558,564
S34002559,674
S34002560,994
S34002561,476
S34002562,390
S34002563,453
S34002564,582
S34002565,221
S34002566,226
S34002567,349
S34002568,243
S34002569,205
S34002570,255
S34002571,257
S34002572,239
S34002573,354
S34002574,273
S34002575,221
S34002576,779
S34002577,398
S34002578,225
S34002579,408
S34002580,221
S34002581,235
S34002582,231
S34002583,273
S34002584,312
S34002585,565
S34002586,442
S34002587,224
S34002588,769
S34002589,456
S34002590,206
S34002591,540
S34002592,326
S34002593,270
S34002594,200
S34002595,210
S34002596,393
S34002597,468
S34002598,295
S34002599,258
S34002600,200
S34002601,367
S34002602,230
S34002603,336
S34002604,252
S34002605,309
S34002606,274
S34002607,261
S34002608,321
S34002609,200
S34002610,249
S34002611,661
S34002612,288
S34002613,352
S34002614,257
S34002615,246
S34002616,221
S34002617,216
S34002618,978
S34002619,344
S34002620,463
S34002621,212
S34002622,298
S34002623,212
S34002624,592
S34002625,365
S34002626,250
S34002627,524
S34002628,295
S34002629,384
S34002630,289
S34002631,302
S34002632,307
S34002633,236
S34002634,457
S34002635,224
S34002636,210
S34002637,260
S34002638,267
S34002639,559
S34002640,291
S34002641,204
S34002642,268
S34002643,241
S34002644,230
S34002645,282
S34002646,206
S34002647,335
S34002648,302
S34002649,201
S34002650,208
S34002651,209
S34002652,288
S34002653,251
S34002654,237
S34002655,233
S34002656,232
S34002657,318
S34002658,212
S34002659,375
S34002660,314
S34002661,596
S34002662,245
S34002663,301
S34002664,214
S34002665,448
S34002666,205
S34002667,211
S34002668,394
S34002669,489
S34002670,214
S34002671,349
S34002672,202
S34002673,660
S34002674,203
S34002675,204
S34002676,1171
S34002677,205
S34002678,302
S34002679,200
S34002680,300
S34002681,527
S34002682,265
S34002683,236
S34002684,357
S34002685,208
S34002686,283
S34002687,236
S34002688,274
S34002689,227
S34002690,234
S34002691,318
S34002692,282
S34002693,271
S34002694,221
S34002695,280
S34002696,214
S34002697,347
S34002698,336
S34002699,269
S34002700,205
S34002701,308
S34002702,261
S34002703,271
S34002704,256
S34002705,219
S34002706,352
S34002707,508
S34002708,283
S34002709,257
S34002710,359
S34002711,753
S34002712,295
S34002713,398
S34002714,351
S34002715,557
S34002716,299
S34002717,318
S34002718,317
S34002719,214
S34002720,210
S34002721,287
S34002722,418
S34002723,256
S34002724,262
S34002725,310
S34002726,232
S34002727,206
S34002728,779
S34002729,442
S34002730,543
S34002731,233
S34002732,354
S34002733,501
S34002734,330
S34002735,259
S34002736,220
S34002737,208
S34002738,226
S34002739,341
S34002740,386
S34002741,370
S34002742,317
S34002743,295
S34002744,645
S34002745,692
S34002746,313
S34002747,256
S34002748,357
S34002749,386
S34002750,348
S34002751,630
S34002752,223
S34002753,363
S34002754,346
S34002755,447
S34002756,294
S34002757,433
S34002758,232
S34002759,248
S34002760,204
S34002761,688
S34002762,240
S34002763,516
S34002764,315
S34002765,202
S34002766,363
S34002767,277
S34002768,459
S34002769,279
S34002770,200
S34002771,306
S34002772,604
S34002773,487
S34002774,257
S34002775,251
S34002776,241
S34002777,407
S34002778,311
S34002779,406
S34002780,275
S34002781,343
S34002782,687
S34002783,233
S34002784,551
S34002785,204
S34002786,208
S34002787,359
S34002788,357
S34002789,285
S34002790,299
S34002791,381
S34002792,209
S34002793,282
S34002794,2963
S34002795,406
S34002796,267
S34002797,204
S34002798,1057
S34002799,307
S34002800,202
S34002801,324
S34002802,534
S34002803,451
S34002804,462
S34002805,739
S34002806,254
S34002807,508
S34002808,287
S34002809,317
S34002810,211
S34002811,248
S34002812,224
S34002813,260
S34002814,537
S34002815,405
S34002816,204
S34002817,205
S34002818,1030
S34002819,221
S34002820,552
S34002821,366
S34002822,259
S34002823,211
S34002824,236
S34002825,299
S34002826,370
S34002827,267
S34002828,312
S34002829,203
S34002830,207
S34002831,340
S34002832,281
S34002833,208
S34002834,200
S34002835,605
S34002836,239
S34002837,302
S34002838,368
S34002839,406
S34002840,209
S34002841,290
S34002842,286
S34002843,309
S34002844,285
S34002845,219
S34002846,264
S34002847,319
S34002848,202
S34002849,218
S34002850,230
S34002851,461
S34002852,724
S34002853,233
S34002854,493
S34002855,519
S34002856,205
S34002857,297
S34002858,220
S34002859,283
S34002860,202
S34002861,208
S34002862,253
S34002863,211
S34002864,237
S34002865,213
S34002866,219
S34002867,263
S34002868,212
S34002869,229
S34002870,247
S34002871,592
S34002872,234
S34002873,238
S34002874,215
S34002875,294
S34002876,436
S34002877,214
S34002878,278
S34002879,211
S34002880,260
S34002881,301
S34002882,355
S34002883,310
S34002884,281
S34002885,657
S34002886,2677
S34002887,333
S34002888,416
S34002889,395
S34002890,223
S34002891,413
S34002892,215
S34002893,235
S34002894,263
S34002895,252
S34002896,259
S34002897,205
S34002898,441
S34002899,213
S34002900,323
S34002901,440
S34002902,621
S34002903,261
S34002904,348
S34002905,267
S34002906,237
S34002907,254
S34002908,203
S34002909,200
S34002910,244
S34002911,229
S34002912,308
S34002913,456
S34002914,441
S34002915,629
S34002916,254
S34002917,268
S34002918,306
S34002919,317
S34002920,312
S34002921,520
S34002922,230
S34002923,201
S34002924,430
S34002925,280
S34002926,507
S34002927,349
S34002928,348
S34002929,311
S34002930,266
S34002931,235
S34002932,286
S34002933,247
S34002934,432
S34002935,499
S34002936,220
S34002937,216
S34002938,281
S34002939,328
S34002940,336
S34002941,233
S34002942,344
S34002943,234
S34002944,294
S34002945,256
S34002946,251
S34002947,211
S34002948,327
S34002949,1695
S34002950,239
S34002951,276
S34002952,364
S34002953,727
S34002954,377
S34002955,219
S34002956,352
S34002957,373
S34002958,201
S34002959,259
S34002960,237
S34002961,244
S34002962,860
S34002963,536
S34002964,314
S34002965,323
S34002966,1077
S34002967,237
S34002968,261
S34002969,538
S34002970,295
S34002971,215
S34002972,460
S34002973,214
S34002974,275
S34002975,245
S34002976,345
S34002977,235
S34002978,204
S34002979,272
S34002980,329
S34002981,200
S34002982,253
S34002983,211
S34002984,336
S34002985,376
S34002986,205
S34002987,809
S34002988,353
S34002989,279
S34002990,256
S34002991,720
S34002992,268
S34002993,225
S34002994,332
S34002995,490
S34002996,315
S34002997,206
S34002998,1005
S34002999,215
S34003000,621
S34003001,287
S34003002,569
S34003003,324
S34003004,765
S34003005,382
S34003006,202
S34003007,239
S34003008,597
S34003009,375
S34003010,206
S34003011,409
S34003012,324
S34003013,263
S34003014,204
S34003015,372
S34003016,435
S34003017,4278
S34003018,597
S34003019,713
S34003020,396
S34003021,408
S34003022,2261
S34003023,777
S34003024,514
S34003025,1024
S34003026,212
S34003027,404
S34003028,1724
S34003029,356
S34003030,227
S34003031,315
S34003032,810
S34003033,226
S34003034,404
S34003035,231
S34003036,1911
S34003037,279
S34003038,664
S34003039,1083
S34003040,449
S34003041,833
S34003042,372
S34003043,293
S34003044,794
S34003045,1436
S34003046,217
S34003047,413
S34003048,2136
S34003049,725
S34003050,287
S34003051,277
S34003052,728
S34003053,246
S34003054,231
S34003055,248
S34003056,225
S34003057,259
S34003058,550
S34003059,214
S34003060,513
S34003061,753
S34003062,1614
S34003063,624
S34003064,229
S34003065,2202
S34003066,10099
S34003067,453
S34003068,354
S34003069,224
S34003070,563
S34003071,452
S34003072,2978
S34003073,244
S34003074,914
S34003075,257
S34003076,2607
S34003077,207
S34003078,228
S34003079,379
S34003080,720
S34003081,208
S34003082,256
S34003083,477
S34003084,291
S34003085,252
S34003086,1558
S34003087,213
S34003088,312
S34003089,559
S34003090,521
S34003091,240
S34003092,386
S34003093,376
S34003094,363
S34003095,237
S34003096,368
S34003097,224
S34003098,296
S34003099,302
S34003100,221
S34003101,399
S34003102,1221
S34003103,313
S34003104,661
S34003105,200
S34003106,247
S34003107,265
S34003108,265
S34003109,266
S34003110,2790
S34003111,540
S34003112,367
S34003113,858
S34003114,240
S34003115,539
S34003116,209
S34003117,795
S34003118,262
S34003119,330
S34003120,330
S34003121,205
S34003122,606
S34003123,754
S34003124,260
S34003125,438
S34003126,265
S34003127,249
S34003128,310
S34003129,236
S34003130,470
S34003131,365
S34003132,243
S34003133,381
S34003134,297
S34003135,206
S34003136,222
S34003137,249
S34003138,246
S34003139,225
S34003140,344
S34003141,533
S34003142,647
S34003143,2945
S34003144,259
S34003145,201
S34003146,240
S34003147,312
S34003148,217
S34003149,546
S34003150,388
S34003151,237
S34003152,201
S34003153,389
S34003154,1666
S34003155,246
S34003156,381
S34003157,280
S34003158,335
S34003159,366
S34003160,241
S34003161,259
S34003162,216
S34003163,200
S34003164,309
S34003165,319
S34003166,277
S34003167,211
S34003168,208
S34003169,406
S34003170,690
S34003171,228
S34003172,209
S34003173,336
S34003174,240
S34003175,276
S34003176,668
S34003177,228
S34003178,299
S34003179,894
S34003180,271
S34003181,605
S34003182,221
S34003183,201
S34003184,225
S34003185,268
S34003186,221
S34003187,351
S34003188,204
S34003189,601
S34003190,218
S34003191,282
S34003192,798
S34003193,568
S34003194,262
S34003195,718
S34003196,227
S34003197,358
S34003198,238
S34003199,261
S34003200,283
S34003201,417
S34003202,281
S34003203,282
S34003204,434
S34003205,244
S34003206,274
S34003207,202
S34003208,311
S34003209,205
S34003210,224
S34003211,212
S34003212,347
S34003213,369
S34003214,278
S34003215,432
S34003216,205
S34003217,281
S34003218,400
S34003219,353
S34003220,206
S34003221,271
S34003222,212
S34003223,259
S34003224,229
S34003225,209
S34003226,279
S34003227,633
S34003228,250
S34003229,221
S34003230,380
S34003231,206
S34003232,225
S34003233,207
S34003234,627
S34003235,297
S34003236,540
S34003237,679
S34003238,506
S34003239,748
S34003240,222
S34003241,218
S34003242,246
S34003243,274
S34003244,232
S34003245,336
S34003246,268
S34003247,259
S34003248,503
S34003249,742
S34003250,205
S34003251,356
S34003252,210
S34003253,207
S34003254,293
S34003255,220
S34003256,215
S34003257,215
S34003258,214
S34003259,374
S34003260,463
S34003261,379
S34003262,272
S34003263,207
S34003264,226
S34003265,392
S34003266,318
S34003267,382
S34003268,391
S34003269,442
S34003270,366
S34003271,204
S34003272,390
S34003273,308
S34003274,300
S34003275,207
S34003276,523
S34003277,348
S34003278,251
S34003279,212
S34003280,654
S34003281,279
S34003282,465
S34003283,238
S34003284,424
S34003285,219
S34003286,715
S34003287,268
S34003288,214
S34003289,277
S34003290,295
S34003291,203
S34003292,278
S34003293,321
S34003294,245
S34003295,283
S34003296,250
S34003297,402
S34003298,280
S34003299,202
S34003300,389
S34003301,271
S34003302,344
S34003303,255
S34003304,202
S34003305,304
S34003306,389
S34003307,335
S34003308,231
S34003309,623
S34003310,601
S34003311,263
S34003312,266
S34003313,658
S34003314,280
S34003315,265
S34003316,381
S34003317,270
S34003318,349
S34003319,252
S34003320,556
S34003321,390
S34003322,400
S34003323,208
S34003324,1012
S34003325,641
S34003326,373
S34003327,440
S34003328,291
S34003329,211
S34003330,262
S34003331,738
S34003332,358
S34003333,324
S34003334,360
S34003335,239
S34003336,433
S34003337,353
S34003338,256
S34003339,974
S34003340,242
S34003341,344
S34003342,388
S34003343,632
S34003344,229
S34003345,367
S34003346,327
S34003347,287
S34003348,517
S34003349,319
S34003350,235
S34003351,571
S34003352,210
S34003353,312
S34003354,233
S34003355,227
S34003356,385
S34003357,513
S34003358,313
S34003359,433
S34003360,622
S34003361,267
S34003362,256
S34003363,239
S34003364,377
S34003365,248
S34003366,489
S34003367,313
S34003368,338
S34003369,788
S34003370,244
S34003371,201
S34003372,343
S34003373,427
S34003374,477
S34003375,273
S34003376,323
S34003377,279
S34003378,213
S34003379,474
S34003380,238
S34003381,804
S34003382,318
S34003383,244
S34003384,234
S34003385,310
S34003386,251
S34003387,322
S34003388,206
S34003389,243
S34003390,418
S34003391,241
S34003392,264
S34003393,203
S34003394,429
S34003395,256
S34003396,225
S34003397,268
S34003398,234
S34003399,277
S34003400,544
S34003401,204
S34003402,309
S34003403,235
S34003404,210
S34003405,214
S34003406,388
S34003407,364
S34003408,597
S34003409,322
S34003410,316
S34003411,308
S34003412,274
S34003413,248
S34003414,266
S34003415,286
S34003416,449
S34003417,210
S34003418,513
S34003419,902
S34003420,214
S34003421,567
S34003422,279
S34003423,269
S34003424,372
S34003425,407
S34003426,254
S34003427,206
S34003428,1177
S34003429,347
S34003430,253
S34003431,350
S34003432,223
S34003433,308
S34003434,273
S34003435,279
S34003436,359
S34003437,416
S34003438,213
S34003439,233
S34003440,359
S34003441,509
S34003442,377
S34003443,5108
S34003444,392
S34003445,428
S34003446,408
S34003447,279
S34003448,372
S34003449,282
S34003450,297
S34003451,359
S34003452,375
S34003453,295
S34003454,432
S34003455,446
S34003456,204
S34003457,300
S34003458,387
S34003459,349
S34003460,285
S34003461,344
S34003462,416
S34003463,385
S34003464,379
S34003465,293
S34003466,322
S34003467,261
S34003468,226
S34003469,278
S34003470,377
S34003471,513
S34003472,242
S34003473,210
S34003474,227
S34003475,416
S34003476,268
S34003477,420
S34003478,316
S34003479,530
S34003480,203
S34003481,240
S34003482,314
S34003483,233
S34003484,200
S34003485,248
S34003486,217
S34003487,328
S34003488,254
S34003489,215
S34003490,208
S34003491,234
S34003492,264
S34003493,306
S34003494,276
S34003495,215
S34003496,429
S34003497,222
S34003498,208
S34003499,408
S34003500,231
S34003501,278
S34003502,279
S34003503,283
S34003504,389
S34003505,394
S34003506,279
S34003507,229
S34003508,230
S34003509,261
S34003510,317
S34003511,3563
S34003512,231
S34003513,213
S34003514,200
S34003515,1173
S34003516,287
S34003517,243
S34003518,249
S34003519,217
S34003520,268
S34003521,202
S34003522,205
S34003523,340
S34003524,209
S34003525,221
S34003526,256
S34003527,529
S34003528,768
S34003529,275
S34003530,202
S34003531,295
S34003532,260
S34003533,205
S34003534,237
S34003535,1304
S34003536,257
S34003537,306
S34003538,239
S34003539,456
S34003540,324
S34003541,203
S34003542,222
S34003543,4376
S34003544,204
S34003545,352
S34003546,234
S34003547,215
S34003548,253
S34003549,202
S34003550,362
S34003551,434
S34003552,420
S34003553,200
S34003554,279
S34003555,238
S34003556,223
S34003557,218
S34003558,211
S34003559,282
S34003560,496
S34003561,739
S34003562,276
S34003563,205
S34003564,222
S34003565,204
S34003566,271
S34003567,334
S34003568,219
S34003569,219
S34003570,202
S34003571,619
S34003572,235
S34003573,235
S34003574,222
S34003575,204
S34003576,212
S34003577,531
S34003578,417
S34003579,374
S34003580,255
S34003581,559
S34003582,292
S34003583,259
S34003584,255
S34003585,210
S34003586,298
S34003587,664
S34003588,204
S34003589,359
S34003590,273
S34003591,294
S34003592,246
S34003593,202
S34003594,252
S34003595,229
S34003596,220
S34003597,300
S34003598,255
S34003599,254
S34003600,227
S34003601,203
S34003602,216
S34003603,208
S34003604,232
S34003605,220
S34003606,452
S34003607,503
S34003608,329
S34003609,206
S34003610,445
S34003611,249
S34003612,1467
S34003613,287
S34003614,268
S34003615,283
S34003616,201
S34003617,206
S34003618,444
S34003619,436
S34003620,308
S34003621,233
S34003622,266
S34003623,393
S34003624,208
S34003625,227
S34003626,206
S34003627,477
S34003628,234
S34003629,228
S34003630,387
S34003631,355
S34003632,237
S34003633,317
S34003634,299
S34003635,214
S34003636,234
S34003637,560
S34003638,202
S34003639,294
S34003640,235
S34003641,382
S34003642,250
S34003643,205
S34003644,285
S34003645,202
S34003646,410
S34003647,289
S34003648,260
S34003649,202
S34003650,211
S34003651,551
S34003652,247
S34003653,256
S34003654,414
S34003655,200
S34003656,253
S34003657,227
S34003658,302
S34003659,213
S34003660,202
S34003661,309
S34003662,307
S34003663,246
S34003664,437
S34003665,556
S34003666,419
S34003667,320
S34003668,339
S34003669,279
S34003670,430
S34003671,286
S34003672,387
S34003673,227
S34003674,276
S34003675,201
S34003676,242
S34003677,483
S34003678,532
S34003679,404
S34003680,274
S34003681,539
S34003682,216
S34003683,228
S34003684,244
S34003685,1659
S34003686,265
S34003687,266
S34003688,467
S34003689,279
S34003690,961
S34003691,534
S34003692,211
S34003693,325
S34003694,278
S34003695,520
S34003696,511
S34003697,235
S34003698,512
S34003699,217
S34003700,218
S34003701,306
S34003702,268
S34003703,642
S34003704,472
S34003705,222
S34003706,231
S34003707,236
S34003708,376
S34003709,365
S34003710,211
S34003711,445
S34003712,342
S34003713,417
S34003714,242
S34003715,783
S34003716,486
S34003717,283
S34003718,215
S34003719,270
S34003720,357
S34003721,202
S34003722,337
S34003723,420
S34003724,1608
S34003725,446
S34003726,638
S34003727,636
S34003728,230
S34003729,410
S34003730,291
S34003731,503
S34003732,275
S34003733,503
S34003734,838
S34003735,2099
S34003736,362
S34003737,284
S34003738,237
S34003739,226
S34003740,240
S34003741,742
S34003742,200
S34003743,509
S34003744,292
S34003745,362
S34003746,233
S34003747,942
S34003748,279
S34003749,269
S34003750,329
S34003751,284
S34003752,255
S34003753,538
S34003754,651
S34003755,214
S34003756,240
S34003757,229
S34003758,244
S34003759,490
S34003760,278
S34003761,487
S34003762,321
S34003763,221
S34003764,246
S34003765,715
S34003766,205
S34003767,400
S34003768,440
S34003769,554
S34003770,559
S34003771,604
S34003772,226
S34003773,422
S34003774,783
S34003775,490
S34003776,249
S34003777,334
S34003778,292
S34003779,509
S34003780,299
S34003781,227
S34003782,440
S34003783,651
S34003784,209
S34003785,323
S34003786,328
S34003787,727
S34003788,235
S34003789,399
S34003790,348
S34003791,255
S34003792,243
S34003793,286
S34003794,282
S34003795,237
S34003796,581
S34003797,727
S34003798,235
S34003799,319
S34003800,400
S34003801,314
S34003802,206
S34003803,364
S34003804,376
S34003805,338
S34003806,494
S34003807,290
S34003808,1529
S34003809,363
S34003810,268
S34003811,216
S34003812,467
S34003813,568
S34003814,653
S34003815,4812
S34003816,1119
S34003817,298
S34003818,404
S34003819,260
S34003820,392
S34003821,272
S34003822,205
S34003823,214
S34003824,940
S34003825,200
S34003826,522
S34003827,657
S34003828,328
S34003829,356
S34003830,342
S34003831,202
S34003832,412
S34003833,320
S34003834,403
S34003835,426
S34003836,465
S34003837,472
S34003838,215
S34003839,309
S34003840,249
S34003841,211
S34003842,593
S34003843,690
S34003844,339
S34003845,307
S34003846,220
S34003847,719
S34003848,402
S34003849,252
S34003850,558
S34003851,226
S34003852,3016
S34003853,239
S34003854,263
S34003855,226
S34003856,233
S34003857,864
S34003858,636
S34003859,870
S34003860,389
S34003861,285
S34003862,424
S34003863,495
S34003864,299
S34003865,382
S34003866,272
S34003867,1243
S34003868,540
S34003869,379
S34003870,206
S34003871,277
S34003872,273
S34003873,302
S34003874,369
S34003875,248
S34003876,447
S34003877,253
S34003878,386
S34003879,664
S34003880,469
S34003881,591
S34003882,808
S34003883,254
S34003884,1095
S34003885,297
S34003886,404
S34003887,1389
S34003888,328
S34003889,342
S34003890,224
S34003891,500
S34003892,238
S34003893,473
S34003894,209
S34003895,248
S34003896,321
S34003897,402
S34003898,271
S34003899,640
S34003900,251
S34003901,205
S34003902,374
S34003903,634
S34003904,810
S34003905,317
S34003906,271
S34003907,256
S34003908,310
S34003909,300
S34003910,1000
S34003911,549
S34003912,252
S34003913,287
S34003914,281
S34003915,595
S34003916,328
S34003917,239
S34003918,753
S34003919,260
S34003920,209
S34003921,296
S34003922,239
S34003923,316
S34003924,273
S34003925,882
S34003926,428
S34003927,531
S34003928,466
S34003929,313
S34003930,603
S34003931,298
S34003932,1022
S34003933,653
S34003934,523
S34003935,840
S34003936,201
S34003937,366
S34003938,323
S34003939,273
S34003940,259
S34003941,230
S34003942,316
S34003943,328
S34003944,388
S34003945,241
S34003946,213
S34003947,949
S34003948,419
S34003949,346
S34003950,223
S34003951,231
S34003952,258
S34003953,3205
S34003954,302
S34003955,224
S34003956,429
S34003957,273
S34003958,417
S34003959,281
S34003960,205
S34003961,291
S34003962,376
S34003963,333
S34003964,202
S34003965,1599
S34003966,248
S34003967,315
S34003968,221
S34003969,257
S34003970,435
S34003971,473
S34003972,382
S34003973,645
S34003974,524
S34003975,609
S34003976,255
S34003977,2263
S34003978,230
S34003979,206
S34003980,477
S34003981,254
S34003982,454
S34003983,271
S34003984,461
S34003985,215
S34003986,467
S34003987,252
S34003988,530
S34003989,982
S34003990,323
S34003991,255
S34003992,337
S34003993,201
S34003994,214
S34003995,267
S34003996,200
S34003997,271
S34003998,225
S34003999,1702
S34004000,200
S34004001,587
S34004002,301
S34004003,217
S34004004,253
S34004005,245
S34004006,271
S34004007,708
S34004008,425
S34004009,296
S34004010,662
S34004011,209
S34004012,414
S34004013,210
S34004014,219
S34004015,206
S34004016,251
S34004017,285
S34004018,227
S34004019,208
S34004020,429
S34004021,276
S34004022,288
S34004023,289
S34004024,647
S34004025,220
S34004026,444
S34004027,440
S34004028,276
S34004029,661
S34004030,950
S34004031,697
S34004032,239
S34004033,591
S34004034,327
S34004035,213
S34004036,437
S34004037,317
S34004038,211
S34004039,328
S34004040,294
S34004041,435
S34004042,240
S34004043,2904
S34004044,209
S34004045,450
S34004046,310
S34004047,222
S34004048,249
S34004049,516
S34004050,257
S34004051,345
S34004052,350
S34004053,280
S34004054,577
S34004055,217
S34004056,377
S34004057,533
S34004058,356
S34004059,463
S34004060,268
S34004061,390
S34004062,200
S34004063,268
S34004064,2285
S34004065,276
S34004066,248
S34004067,206
S34004068,200
S34004069,302
S34004070,643
S34004071,280
S34004072,233
S34004073,640
S34004074,407
S34004075,236
S34004076,256
S34004077,235
S34004078,326
S34004079,215
S34004080,213
S34004081,216
S34004082,509
S34004083,1103
S34004084,531
S34004085,200
S34004086,208
S34004087,378
S34004088,268
S34004089,508
S34004090,254
S34004091,309
S34004092,527
S34004093,235
S34004094,338
S34004095,288
S34004096,283
S34004097,228
S34004098,217
S34004099,267
S34004100,310
S34004101,279
S34004102,413
S34004103,217
S34004104,749
S34004105,440
S34004106,345
S34004107,234
S34004108,378
S34004109,217
S34004110,510
S34004111,736
S34004112,242
S34004113,316
S34004114,263
S34004115,288
S34004116,571
S34004117,230
S34004118,352
S34004119,335
S34004120,230
S34004121,241
S34004122,221
S34004123,220
S34004124,229
S34004125,243
S34004126,216
S34004127,242
S34004128,212
S34004129,210
S34004130,430
S34004131,207
S34004132,316
S34004133,249
S34004134,218
S34004135,236
S34004136,226
S34004137,200
S34004138,237
S34004139,261
S34004140,493
S34004141,422
S34004142,231
S34004143,409
S34004144,465
S34004145,248
S34004146,237
S34004147,421
S34004148,281
S34004149,391
S34004150,245
S34004151,982
S34004152,450
S34004153,375
S34004154,2027
S34004155,260
S34004156,992
S34004157,353
S34004158,320
S34004159,503
S34004160,248
S34004161,200
S34004162,295
S34004163,465
S34004164,404
S34004165,369
S34004166,692
S34004167,207
S34004168,545
S34004169,457
S34004170,226
S34004171,266
S34004172,219
S34004173,652
S34004174,577
S34004175,383
S34004176,214
S34004177,211
S34004178,383
S34004179,281
S34004180,504
S34004181,223
S34004182,388
S34004183,220
S34004184,202
S34004185,270
S34004186,420
S34004187,299
S34004188,302
S34004189,388
S34004190,305
S34004191,384
S34004192,211
S34004193,231
S34004194,347
S34004195,220
S34004196,355
S34004197,487
S34004198,264
S34004199,357
S34004200,205
S34004201,266
S34004202,208
S34004203,477
S34004204,379
S34004205,387
S34004206,233
S34004207,212
S34004208,309
S34004209,747
S34004210,230
S34004211,331
S34004212,257
S34004213,337
S34004214,340
S34004215,261
S34004216,1117
S34004217,381
S34004218,391
S34004219,255
S34004220,289
S34004221,406
S34004222,366
S34004223,727
S34004224,385
S34004225,447
S34004226,227
S34004227,250
S34004228,289
S34004229,204
S34004230,455
S34004231,467
S34004232,494
S34004233,615
S34004234,622
S34004235,224
S34004236,224
S34004237,274
S34004238,359
S34004239,323
S34004240,288
S34004241,397
S34004242,322
S34004243,222
S34004244,357
S34004245,433
S34004246,832
S34004247,208
S34004248,254
S34004249,251
S34004250,558
S34004251,230
S34004252,366
S34004253,518
S34004254,200
S34004255,252
S34004256,225
S34004257,233
S34004258,209
S34004259,236
S34004260,211
S34004261,227
S34004262,435
S34004263,227
S34004264,227
S34004265,356
S34004266,369
S34004267,311
S34004268,360
S34004269,207
S34004270,444
S34004271,235
S34004272,528
S34004273,406
S34004274,326
S34004275,439
S34004276,313
S34004277,203
S34004278,225
S34004279,642
S34004280,324
S34004281,232
S34004282,554
S34004283,391
S34004284,279
S34004285,363
S34004286,207
S34004287,347
S34004288,410
S34004289,212
S34004290,615
S34004291,426
S34004292,260
S34004293,273
S34004294,742
S34004295,960
S34004296,457
S34004297,243
S34004298,422
S34004299,212
S34004300,521
S34004301,239
S34004302,261
S34004303,308
S34004304,213
S34004305,538
S34004306,268
S34004307,268
S34004308,244
S34004309,212
S34004310,226
S34004311,350
S34004312,696
S34004313,283
S34004314,279
S34004315,245
S34004316,328
S34004317,463
S34004318,319
S34004319,395
S34004320,268
S34004321,455
S34004322,365
S34004323,326
S34004324,439
S34004325,570
S34004326,332
S34004327,364
S34004328,227
S34004329,306
S34004330,322
S34004331,302
S34004332,222
S34004333,227
S34004334,256
S34004335,235
S34004336,220
S34004337,350
S34004338,867
S34004339,339
S34004340,285
S34004341,330
S34004342,540
S34004343,213
S34004344,232
S34004345,205
S34004346,323
S34004347,401
S34004348,719
S34004349,236
S34004350,503
S34004351,222
S34004352,403
S34004353,223
S34004354,299
S34004355,204
S34004356,732
S34004357,243
S34004358,282
S34004359,315
S34004360,648
S34004361,220
S34004362,366
S34004363,394
S34004364,334
S34004365,282
S34004366,302
S34004367,285
S34004368,309
S34004369,257
S34004370,213
S34004371,548
S34004372,394
S34004373,216
S34004374,398
S34004375,651
S34004376,222
S34004377,205
S34004378,429
S34004379,221
S34004380,379
S34004381,248
S34004382,341
S34004383,290
S34004384,331
S34004385,203
S34004386,238
S34004387,508
S34004388,200
S34004389,284
S34004390,366
S34004391,295
S34004392,427
S34004393,234
S34004394,200
S34004395,250
S34004396,263
S34004397,365
S34004398,403
S34004399,483
S34004400,329
S34004401,349
S34004402,449
S34004403,1149
S34004404,320
S34004405,236
S34004406,257
S34004407,447
S34004408,370
S34004409,1321
S34004410,568
S34004411,252
S34004412,224
S34004413,393
S34004414,517
S34004415,481
S34004416,204
S34004417,356
S34004418,346
S34004419,297
S34004420,263
S34004421,364
S34004422,714
S34004423,219
S34004424,363
S34004425,331
S34004426,1266
S34004427,311
S34004428,276
S34004429,668
S34004430,209
S34004431,224
S34004432,371
S34004433,587
S34004434,312
S34004435,273
S34004436,700
S34004437,360
S34004438,565
S34004439,277
S34004440,458
S34004441,608
S34004442,336
S34004443,203
S34004444,500
S34004445,235
S34004446,237
S34004447,324
S34004448,265
S34004449,214
S34004450,245
S34004451,2341
S34004452,201
S34004453,1189
S34004454,370
S34004455,205
S34004456,1239
S34004457,267
S34004458,218
S34004459,641
S34004460,258
S34004461,221
S34004462,278
S34004463,245
S34004464,344
S34004465,907
S34004466,472
S34004467,477
S34004468,255
S34004469,245
S34004470,302
S34004471,449
S34004472,206
S34004473,276
S34004474,576
S34004475,264
S34004476,209
S34004477,249
S34004478,496
S34004479,312
S34004480,7597
S34004481,204
S34004482,357
S34004483,730
S34004484,509
S34004485,300
S34004486,341
S34004487,203
S34004488,309
S34004489,420
S34004490,417
S34004491,224
S34004492,216
S34004493,488
S34004494,207
S34004495,384
S34004496,251
S34004497,200
S34004498,255
S34004499,209
S34004500,212
S34004501,1087
S34004502,489
S34004503,221
S34004504,851
S34004505,257
S34004506,396
S34004507,214
S34004508,756
S34004509,475
S34004510,210
S34004511,367
S34004512,527
S34004513,216
S34004514,203
S34004515,725
S34004516,432
S34004517,200
S34004518,229
S34004519,224
S34004520,207
S34004521,373
S34004522,301
S34004523,240
S34004524,239
S34004525,240
S34004526,450
S34004527,202
S34004528,364
S34004529,237
S34004530,325
S34004531,206
S34004532,209
S34004533,319
S34004534,319
S34004535,1188
S34004536,233
S34004537,463
S34004538,464
S34004539,240
S34004540,298
S34004541,257
S34004542,726
S34004543,232
S34004544,202
S34004545,302
S34004546,200
S34004547,305
S34004548,205
S34004549,461
S34004550,248
S34004551,202
S34004552,342
S34004553,238
S34004554,781
S34004555,315
S34004556,206
S34004557,553
S34004558,364
S34004559,225
S34004560,499
S34004561,241
S34004562,336
S34004563,226
S34004564,504
S34004565,431
S34004566,217
S34004567,422
S34004568,207
S34004569,353
S34004570,360
S34004571,556
S34004572,1238
S34004573,268
S34004574,493
S34004575,350
S34004576,379
S34004577,551
S34004578,364
S34004579,245
S34004580,201
S34004581,271
S34004582,469
S34004583,319
S34004584,208
S34004585,262
S34004586,700
S34004587,383
S34004588,633
S34004589,461
S34004590,536
S34004591,1673
S34004592,296
S34004593,203
S34004594,380
S34004595,220
S34004596,751
S34004597,265
S34004598,454
S34004599,898
S34004600,488
S34004601,594
S34004602,335
S34004603,209
S34004604,255
S34004605,466
S34004606,364
S34004607,517
S34004608,463
S34004609,261
S34004610,242
S34004611,331
S34004612,203
S34004613,361
S34004614,214
S34004615,537
S34004616,1636
S34004617,275
S34004618,236
S34004619,875
S34004620,393
S34004621,254
S34004622,301
S34004623,469
S34004624,209
S34004625,281
S34004626,240
S34004627,253
S34004628,549
S34004629,303
S34004630,365
S34004631,479
S34004632,230
S34004633,321
S34004634,565
S34004635,694
S34004636,417
S34004637,253
S34004638,287
S34004639,270
S34004640,1418
S34004641,423
S34004642,279
S34004643,231
S34004644,407
S34004645,294
S34004646,696
S34004647,386
S34004648,256
S34004649,280
S34004650,412
S34004651,325
S34004652,289
S34004653,244
S34004654,2859
S34004655,243
S34004656,270
S34004657,384
S34004658,263
S34004659,358
S34004660,223
S34004661,225
S34004662,549
S34004663,556
S34004664,395
S34004665,790
S34004666,632
S34004667,373
S34004668,673
S34004669,226
S34004670,347
S34004671,587
S34004672,858
S34004673,523
S34004674,245
S34004675,208
S34004676,544
S34004677,425
S34004678,260
S34004679,466
S34004680,412
S34004681,417
S34004682,200
S34004683,323
S34004684,251
S34004685,311
S34004686,213
S34004687,261
S34004688,675
S34004689,353
S34004690,301
S34004691,261
S34004692,304
S34004693,379
S34004694,308
S34004695,229
S34004696,395
S34004697,359
S34004698,252
S34004699,630
S34004700,218
S34004701,362
S34004702,1306
S34004703,302
S34004704,250
S34004705,456
S34004706,203
S34004707,3092
S34004708,205
S34004709,221
S34004710,325
S34004711,290
S34004712,306
S34004713,229
S34004714,279
S34004715,484
S34004716,298
S34004717,256
S34004718,494
S34004719,308
S34004720,602
S34004721,306
S34004722,466
S34004723,279
S34004724,841
S34004725,260
S34004726,340
S34004727,218
S34004728,297
S34004729,760
S34004730,303
S34004731,498
S34004732,240
S34004733,226
S34004734,308
S34004735,205
S34004736,205
S34004737,223
S34004738,238
S34004739,393
S34004740,264
S34004741,207
S34004742,593
S34004743,266
S34004744,246
S34004745,244
S34004746,263
S34004747,284
S34004748,540
S34004749,333
S34004750,234
S34004751,226
S34004752,207
S34004753,503
S34004754,343
S34004755,1732
S34004756,202
S34004757,327
S34004758,299
S34004759,209
S34004760,476
S34004761,372
S34004762,558
S34004763,278
S34004764,525
S34004765,517
S34004766,230
S34004767,319
S34004768,362
S34004769,389
S34004770,478
S34004771,432
S34004772,560
S34004773,454
S34004774,380
S34004775,381
S34004776,269
S34004777,234
S34004778,239
S34004779,344
S34004780,211
S34004781,683
S34004782,282
S34004783,311
S34004784,232
S34004785,520
S34004786,608
S34004787,266
S34004788,293
S34004789,313
S34004790,221
S34004791,226
S34004792,330
S34004793,413
S34004794,315
S34004795,204
S34004796,338
S34004797,237
S34004798,236
S34004799,216
S34004800,297
S34004801,201
S34004802,264
S34004803,349
S34004804,256
S34004805,229
S34004806,344
S34004807,278
S34004808,252
S34004809,227
S34004810,242
S34004811,209
S34004812,510
S34004813,345
S34004814,484
S34004815,201
S34004816,437
S34004817,215
S34004818,204
S34004819,656
S34004820,217
S34004821,218
S34004822,298
S34004823,227
S34004824,303
S34004825,413
S34004826,363
S34004827,281
S34004828,254
S34004829,220
S34004830,367
S34004831,745
S34004832,210
S34004833,1864
S34004834,229
S34004835,259
S34004836,476
S34004837,206
S34004838,341
S34004839,259
S34004840,271
S34004841,255
S34004842,683
S34004843,765
S34004844,299
S34004845,508
S34004846,344
S34004847,206
S34004848,276
S34004849,204
S34004850,338
S34004851,244
S34004852,330
S34004853,359
S34004854,2520
S34004855,3312
S34004856,384
S34004857,272
S34004858,911
S34004859,300
S34004860,810
S34004861,379
S34004862,217
S34004863,207
S34004864,513
S34004865,2979
S34004866,212
S34004867,799
S34004868,432
S34004869,799
S34004870,251
S34004871,220
S34004872,1470
S34004873,299
S34004874,267
S34004875,228
S34004876,424
S34004877,200
S34004878,401
S34004879,219
S34004880,337
S34004881,355
S34004882,2075
S34004883,1755
S34004884,1007
S34004885,459
S34004886,326
S34004887,232
S34004888,222
S34004889,405
S34004890,349
S34004891,340
S34004892,485
S34004893,342
S34004894,206
S34004895,1078
S34004896,245
S34004897,632
S34004898,1332
S34004899,319
S34004900,225
S34004901,552
S34004902,286
S34004903,442
S34004904,507
S34004905,233
S34004906,745
S34004907,1613
S34004908,203
S34004909,658
S34004910,363
S34004911,1058
S34004912,281
S34004913,366
S34004914,299
S34004915,427
S34004916,220
S34004917,221
S34004918,217
S34004919,347
S34004920,273
S34004921,207
S34004922,283
S34004923,425
S34004924,462
S34004925,206
S34004926,1156
S34004927,899
S34004928,367
S34004929,294
S34004930,1215
S34004931,397
S34004932,317
S34004933,1247
S34004934,333
S34004935,272
S34004936,379
S34004937,355
S34004938,1289
S34004939,241
S34004940,4530
S34004941,255
S34004942,500
S34004943,475
S34004944,612
S34004945,1000
S34004946,324
S34004947,215
S34004948,518
S34004949,288
S34004950,345
S34004951,1411
S34004952,237
S34004953,714
S34004954,778
S34004955,953
S34004956,904
S34004957,343
S34004958,318
S34004959,228
S34004960,349
S34004961,565
S34004962,273
S34004963,450
S34004964,471
S34004965,803
S34004966,269
S34004967,266
S34004968,632
S34004969,371
S34004970,261
S34004971,393
S34004972,212
S34004973,302
S34004974,206
S34004975,635
S34004976,385
S34004977,203
S34004978,227
S34004979,227
S34004980,216
S34004981,822
S34004982,251
S34004983,203
S34004984,205
S34004985,311
S34004986,1567
S34004987,524
S34004988,776
S34004989,242
S34004990,214
S34004991,243
S34004992,1150
S34004993,214
S34004994,287
S34004995,2109
S34004996,236
S34004997,5816
S34004998,201
S34004999,206
S34005000,248
S34005001,253
S34005002,251
S34005003,262
S34005004,291
S34005005,544
S34005006,290
S34005007,251
S34005008,418
S34005009,267
S34005010,262
S34005011,338
S34005012,209
S34005013,320
S34005014,221
S34005015,231
S34005016,445
S34005017,349
S34005018,265
S34005019,511
S34005020,218
S34005021,268
S34005022,256
S34005023,216
S34005024,311
S34005025,254
S34005026,262
S34005027,842
S34005028,405
S34005029,414
S34005030,403
S34005031,312
S34005032,305
S34005033,240
S34005034,574
S34005035,202
S34005036,362
S34005037,241
S34005038,720
S34005039,202
S34005040,264
S34005041,433
S34005042,271
S34005043,303
S34005044,277
S34005045,940
S34005046,284
S34005047,392
S34005048,390
S34005049,201
S34005050,9558
S34005051,211
S34005052,211
S34005053,214
S34005054,362
S34005055,597
S34005056,242
S34005057,271
S34005058,289
S34005059,884
S34005060,2421
S34005061,562
S34005062,204
S34005063,830
S34005064,2610
S34005065,334
S34005066,279
S34005067,422
S34005068,604
S34005069,246
S34005070,341
S34005071,207
S34005072,257
S34005073,263
S34005074,278
S34005075,1339
S34005076,263
S34005077,240
S34005078,529
S34005079,216
S34005080,213
S34005081,207
S34005082,204
S34005083,1609
S34005084,469
S34005085,254
S34005086,652
S34005087,1192
S34005088,522
S34005089,231
S34005090,202
S34005091,429
S34005092,764
S34005093,275
S34005094,223
S34005095,212
S34005096,366
S34005097,230
S34005098,472
S34005099,213
S34005100,398
S34005101,848
S34005102,819
S34005103,257
S34005104,248
S34005105,357
S34005106,202
S34005107,206
S34005108,298
S34005109,380
S34005110,1454
S34005111,271
S34005112,440
S34005113,1037
S34005114,201
S34005115,222
S34005116,224
S34005117,403
S34005118,201
S34005119,653
S34005120,230
S34005121,258
S34005122,283
S34005123,259
S34005124,536
S34005125,530
S34005126,423
S34005127,235
S34005128,211
S34005129,1903
S34005130,260
S34005131,220
S34005132,413
S34005133,282
S34005134,410
S34005135,460
S34005136,430
S34005137,1182
S34005138,203
S34005139,308
S34005140,251
S34005141,887
S34005142,284
S34005143,204
S34005144,440
S34005145,658
S34005146,369
S34005147,502
S34005148,425
S34005149,319
S34005150,363
S34005151,323
S34005152,339
S34005153,222
S34005154,219
S34005155,319
S34005156,504
S34005157,792
S34005158,3350
S34005159,247
S34005160,436
S34005161,267
S34005162,1040
S34005163,317
S34005164,315
S34005165,268
S34005166,519
S34005167,204
S34005168,552
S34005169,221
S34005170,242
S34005171,722
S34005172,200
S34005173,351
S34005174,535
S34005175,838
S34005176,309
S34005177,861
S34005178,322
S34005179,329
S34005180,442
S34005181,259
S34005182,314
S34005183,228
S34005184,741
S34005185,1306
S34005186,299
S34005187,283
S34005188,396
S34005189,326
S34005190,293
S34005191,471
S34005192,248
S34005193,737
S34005194,1379
S34005195,351
S34005196,301
S34005197,372
S34005198,257
S34005199,384
S34005200,302
S34005201,206
S34005202,229
S34005203,314
S34005204,358
S34005205,310
S34005206,301
S34005207,459
S34005208,265
S34005209,391
S34005210,238
S34005211,204
S34005212,764
S34005213,340
S34005214,992
S34005215,821
S34005216,266
S34005217,254
S34005218,405
S34005219,346
S34005220,495
S34005221,262
S34005222,396
S34005223,282
S34005224,242
S34005225,313
S34005226,587
S34005227,438
S34005228,239
S34005229,338
S34005230,925
S34005231,226
S34005232,391
S34005233,267
S34005234,331
S34005235,288
S34005236,502
S34005237,571
S34005238,566
S34005239,279
S34005240,558
S34005241,2709
S34005242,505
S34005243,329
S34005244,328
S34005245,565
S34005246,368
S34005247,4943
S34005248,225
S34005249,641
S34005250,222
S34005251,364
S34005252,436
S34005253,321
S34005254,348
S34005255,578
S34005256,493
S34005257,221
S34005258,648
S34005259,200
S34005260,244
S34005261,215
S34005262,220
S34005263,231
S34005264,660
S34005265,284
S34005266,279
S34005267,737
S34005268,261
S34005269,1362
S34005270,457
S34005271,207
S34005272,316
S34005273,281
S34005274,3087
S34005275,468
S34005276,330
S34005277,234
S34005278,254
S34005279,852
S34005280,257
S34005281,292
S34005282,290
S34005283,5885
S34005284,358
S34005285,571
S34005286,306
S34005287,207
S34005288,242
S34005289,206
S34005290,303
S34005291,205
S34005292,269
S34005293,1101
S34005294,215
S34005295,405
S34005296,219
S34005297,919
S34005298,207
S34005299,1749
S34005300,221
S34005301,468
S34005302,303
S34005303,423
S34005304,251
S34005305,367
S34005306,335
S34005307,218
S34005308,329
S34005309,246
S34005310,352
S34005311,216
S34005312,226
S34005313,428
S34005314,284
S34005315,250
S34005316,299
S34005317,808
S34005318,321
S34005319,717
S34005320,206
S34005321,279
S34005322,416
S34005323,1074
S34005324,207
S34005325,202
S34005326,598
S34005327,243
S34005328,270
S34005329,379
S34005330,273
S34005331,1284
S34005332,321
S34005333,567
S34005334,2378
S34005335,1328
S34005336,202
S34005337,260
S34005338,1246
S34005339,390
S34005340,662
S34005341,272
S34005342,224
S34005343,635
S34005344,275
S34005345,234
S34005346,675
S34005347,683
S34005348,261
S34005349,247
S34005350,255
S34005351,219
S34005352,305
S34005353,251
S34005354,442
S34005355,276
S34005356,314
S34005357,560
S34005358,237
S34005359,660
S34005360,627
S34005361,493
S34005362,384
S34005363,247
S34005364,322
S34005365,203
S34005366,1039
S34005367,356
S34005368,201
S34005369,443
S34005370,638
S34005371,257
S34005372,218
S34005373,1572
S34005374,218
S34005375,348
